code,type,object,code_name,error_name
"01010101","Access","Granted","User","ID"
"01010102","Access","Granted","User","Card"
"01010103","Access","Granted","User","FP"
"01010104","Access","Granted","User","ID and Card"
"01010105","Access","Granted","User","ID and FP"
"01010106","Access","Granted","User","Card and FP"
"01010107","Access","Granted","User","ID and Card and FP"
"01010108","Access","Granted","User","Duress"
"01010109","Access","Granted","User","Lock Down On"
"0101010A","Access","Granted","User","Lock Down Off"
"01010201","Access","Granted","Temp Parking","ID"
"01010202","Access","Granted","Temp Parking","Card"
"01010203","Access","Granted","Temp Parking","FP"
"01010204","Access","Granted","Temp Parking","ID and Card"
"01010205","Access","Granted","Temp Parking","ID and FP"
"01010206","Access","Granted","Temp Parking","Card and FP"
"01010207","Access","Granted","Temp Parking","ID and Card and FP"
"01010208","Access","Granted","Temp Parking","Duress"
"01010209","Access","Granted","Temp Parking","Lock Down On"
"0101020A","Access","Granted","Temp Parking","Lock Down Off"
"01010301","Access","Granted","Regular Parking","ID"
"01010302","Access","Granted","Regular Parking","Card"
"01010303","Access","Granted","Regular Parking","FP"
"01010304","Access","Granted","Regular Parking","ID and Card"
"01010305","Access","Granted","Regular Parking","ID and FP"
"01010306","Access","Granted","Regular Parking","Card and FP"
"01010307","Access","Granted","Regular Parking","ID and Card and FP"
"01010308","Access","Granted","Regular Parking","Duress"
"01010309","Access","Granted","Regular Parking","Lock Down On"
"0101030A","Access","Granted","Regular Parking","Lock Down Off"
"01010401","Access","Granted","Free Parking","ID"
"01010402","Access","Granted","Free Parking","Card"
"01010403","Access","Granted","Free Parking","FP"
"01010404","Access","Granted","Free Parking","ID and Card"
"01010405","Access","Granted","Free Parking","ID and FP"
"01010406","Access","Granted","Free Parking","Card and FP"
"01010407","Access","Granted","Free Parking","ID and Card and FP"
"01010408","Access","Granted","Free Parking","Duress"
"01010409","Access","Granted","Free Parking","Lock Down On"
"0101040A","Access","Granted","Free Parking","Lock Down Off"
"01010501","Access","Granted","Free Sub Parking","ID"
"01010502","Access","Granted","Free Sub Parking","Card"
"01010503","Access","Granted","Free Sub Parking","FP"
"01010504","Access","Granted","Free Sub Parking","ID and Card"
"01010505","Access","Granted","Free Sub Parking","ID and FP"
"01010506","Access","Granted","Free Sub Parking","Card and FP"
"01010507","Access","Granted","Free Sub Parking","ID and Card and FP"
"01010508","Access","Granted","Free Sub Parking","Duress"
"01010509","Access","Granted","Free Sub Parking","Lock Down On"
"0101050A","Access","Granted","Free Sub Parking","Lock Down Off"
"01010601","Access","Granted","Sub Parking","ID"
"01010602","Access","Granted","Sub Parking","Card"
"01010603","Access","Granted","Sub Parking","FP"
"01010604","Access","Granted","Sub Parking","ID and Card"
"01010605","Access","Granted","Sub Parking","ID and FP"
"01010606","Access","Granted","Sub Parking","Card and FP"
"01010607","Access","Granted","Sub Parking","ID and Card and FP"
"01010608","Access","Granted","Sub Parking","Duress"
"01010609","Access","Granted","Sub Parking","Lock Down On"
"0101060A","Access","Granted","Sub Parking","Lock Down Off"
"01010701","Access","Granted","MMAA","ID"
"01010702","Access","Granted","MMAA","Card"
"01010703","Access","Granted","MMAA","FP"
"01010704","Access","Granted","MMAA","ID and Card"
"01010705","Access","Granted","MMAA","ID and FP"
"01010706","Access","Granted","MMAA","Card and FP"
"01010707","Access","Granted","MMAA","ID and Card and FP"
"01010708","Access","Granted","MMAA","Duress"
"01010709","Access","Granted","MMAA","Lock Down On"
"0101070A","Access","Granted","MMAA","Lock Down Off"
"01020101","Access","Denied","User","ID"
"01020102","Access","Denied","User","Card"
"01020103","Access","Denied","User","FP"
"01020104","Access","Denied","User","ID and Card"
"01020105","Access","Denied","User","ID and FP"
"01020106","Access","Denied","User","Card and FP"
"01020107","Access","Denied","User","ID and Card and FP"
"01020108","Access","Denied","User","Not Enabled"
"01020109","Access","Denied","User","Time"
"0102010A","Access","Denied","User","Area"
"0102010B","Access","Denied","User","Level"
"0102010C","Access","Denied","User","APB"
"0102010D","Access","Denied","User","Inter Lock"
"0102010E","Access","Denied","User","Trap"
"0102010F","Access","Denied","User","Escort"
"01020110","Access","Denied","User","Guard Tour"
"01020111","Access","Denied","User","Two Card"
"01020112","Access","Denied","User","Two Reader"
"01020113","Access","Denied","User","Revision Number"
"01020114","Access","Denied","User","Wrong Course"
"01020115","Access","Denied","User","Parking Date Over"
"01020116","Access","Denied","User","Parking Max Limit"
"01020117","Access","Denied","User","Regular Parking Max Limit"
"01020118","Access","Denied","User","Free Parking Max Limit"
"01020119","Access","Denied","User","Free Sub Parking Max Limit"
"0102011A","Access","Denied","User","Sub Parking Max Limit"
"0102011B","Access","Denied","User","Validation Date"
"0102011C","Access","Denied","User","Global APB"
"0102011D","Access","Denied","User","Lock Down"
"0102011E","Access","Denied","User","Restrict Count"
"0102011F","Access","Denied","User","Restrict Time"
"01020120","Access","Denied","User","Meal Option"
"01020121","Access","Denied","User","Meal Time"
"01020201","Access","Denied","Temp Parking","ID"
"01020202","Access","Denied","Temp Parking","Card"
"01020203","Access","Denied","Temp Parking","FP"
"01020204","Access","Denied","Temp Parking","ID and Card"
"01020205","Access","Denied","Temp Parking","ID and FP"
"01020206","Access","Denied","Temp Parking","Card and FP"
"01020207","Access","Denied","Temp Parking","ID and Card and FP"
"01020208","Access","Denied","Temp Parking","Not Enabled"
"01020209","Access","Denied","Temp Parking","Time"
"0102020A","Access","Denied","Temp Parking","Area"
"0102020B","Access","Denied","Temp Parking","Level"
"0102020C","Access","Denied","Temp Parking","APB"
"0102020D","Access","Denied","Temp Parking","Inter Lock"
"0102020E","Access","Denied","Temp Parking","Trap"
"0102020F","Access","Denied","Temp Parking","Escort"
"01020210","Access","Denied","Temp Parking","Guard Tour"
"01020211","Access","Denied","Temp Parking","Two Card"
"01020212","Access","Denied","Temp Parking","Two Reader"
"01020214","Access","Denied","Temp Parking","Wrong Course"
"01020215","Access","Denied","Temp Parking","Parking Date Over"
"01020216","Access","Denied","Temp Parking","Parking Max Limit"
"01020217","Access","Denied","Temp Parking","Regular Parkiing Max Limit"
"01020218","Access","Denied","Temp Parking","Free Parking Max Limit"
"01020219","Access","Denied","Temp Parking","Free Sub Parking Max Limit"
"0102021A","Access","Denied","Temp Parking","Sub Parking Max Limit"
"0102021B","Access","Denied","Temp Parking","Validation Date"
"0102021C","Access","Denied","Temp Parking","Global APB"
"0102021D","Access","Denied","Temp Parking","Lock Down"
"0102021E","Access","Denied","Temp Parking","Restrict Count"
"0102021F","Access","Denied","Temp Parking","Restrict Time"
"01020220","Access","Denied","Temp Parking","Meal Option"
"01020221","Access","Denied","Temp Parking","Meal Time"
"01020301","Access","Denied","Regular Parking","ID"
"01020302","Access","Denied","Regular Parking","Card"
"01020303","Access","Denied","Regular Parking","FP"
"01020304","Access","Denied","Regular Parking","ID and Card"
"01020305","Access","Denied","Regular Parking","ID and FP"
"01020306","Access","Denied","Regular Parking","Card and FP"
"01020307","Access","Denied","Regular Parking","ID and Card and FP"
"01020308","Access","Denied","Regular Parking","Not Enabled"
"01020309","Access","Denied","Regular Parking","Time"
"0102030A","Access","Denied","Regular Parking","Area"
"0102030B","Access","Denied","Regular Parking","Level"
"0102030C","Access","Denied","Regular Parking","APB"
"0102030D","Access","Denied","Regular Parking","Inter Lock"
"0102030E","Access","Denied","Regular Parking","Trap"
"0102030F","Access","Denied","Regular Parking","Escort"
"01020310","Access","Denied","Regular Parking","Guard Tour"
"01020311","Access","Denied","Regular Parking","Two Card"
"01020312","Access","Denied","Regular Parking","Two Reader"
"01020314","Access","Denied","Regular Parking","Wrong Course"
"01020315","Access","Denied","Regular Parking","Parking Date Over"
"01020316","Access","Denied","Regular Parking","Parking Max Limit"
"01020317","Access","Denied","Regular Parking","Regular Parkiing Max Limit"
"01020318","Access","Denied","Regular Parking","Free Parking Max Limit"
"01020319","Access","Denied","Regular Parking","Free Sub Parking Max Limit"
"0102031A","Access","Denied","Regular Parking","Sub Parking Max Limit"
"0102031B","Access","Denied","Regular Parking","Validation Date"
"0102031C","Access","Denied","Regular Parking","Global APB"
"0102031D","Access","Denied","Regular Parking","Lock Down"
"0102031E","Access","Denied","Regular Parking","Restrict Count"
"0102031F","Access","Denied","Regular Parking","Restrict Time"
"01020320","Access","Denied","Regular Parking","Meal Option"
"01020321","Access","Denied","Regular Parking","Meal Time"
"01020401","Access","Denied","Free Parking","ID"
"01020402","Access","Denied","Free Parking","Card"
"01020403","Access","Denied","Free Parking","FP"
"01020404","Access","Denied","Free Parking","ID and Card"
"01020405","Access","Denied","Free Parking","ID and FP"
"01020406","Access","Denied","Free Parking","Card and FP"
"01020407","Access","Denied","Free Parking","ID and Card and FP"
"01020408","Access","Denied","Free Parking","Not Enabled"
"01020409","Access","Denied","Free Parking","Time"
"0102040A","Access","Denied","Free Parking","Area"
"0102040B","Access","Denied","Free Parking","Level"
"0102040C","Access","Denied","Free Parking","APB"
"0102040D","Access","Denied","Free Parking","Inter Lock"
"0102040E","Access","Denied","Free Parking","Trap"
"0102040F","Access","Denied","Free Parking","Escort"
"01020410","Access","Denied","Free Parking","Guard Tour"
"01020411","Access","Denied","Free Parking","Two Card"
"01020412","Access","Denied","Free Parking","Two Reader"
"01020414","Access","Denied","Free Parking","Wrong Course"
"01020415","Access","Denied","Free Parking","Parking Date Over"
"01020416","Access","Denied","Free Parking","Parking Max Limit"
"01020417","Access","Denied","Free Parking","Regular Parkiing Max Limit"
"01020418","Access","Denied","Free Parking","Free Parking Max Limit"
"01020419","Access","Denied","Free Parking","Free Sub Parking Max Limit"
"0102041A","Access","Denied","Free Parking","Sub Parking Max Limit"
"0102041B","Access","Denied","Free Parking","Validation Date"
"0102041C","Access","Denied","Free Parking","Global APB"
"0102041D","Access","Denied","Free Parking","Lock Down"
"0102041E","Access","Denied","Free Parking","Restrict Count"
"0102041F","Access","Denied","Free Parking","Restrict Time"
"01020420","Access","Denied","Free Parking","Meal Option"
"01020421","Access","Denied","Free Parking","Meal Time"
"01020501","Access","Denied","Free Sub Parking","ID"
"01020502","Access","Denied","Free Sub Parking","Card"
"01020503","Access","Denied","Free Sub Parking","FP"
"01020504","Access","Denied","Free Sub Parking","ID and Card"
"01020505","Access","Denied","Free Sub Parking","ID and FP"
"01020506","Access","Denied","Free Sub Parking","Card and FP"
"01020507","Access","Denied","Free Sub Parking","ID and Card and FP"
"01020508","Access","Denied","Free Sub Parking","Not Enabled"
"01020509","Access","Denied","Free Sub Parking","Time"
"0102050A","Access","Denied","Free Sub Parking","Area"
"0102050B","Access","Denied","Free Sub Parking","Level"
"0102050C","Access","Denied","Free Sub Parking","APB"
"0102050D","Access","Denied","Free Sub Parking","Inter Lock"
"0102050E","Access","Denied","Free Sub Parking","Trap"
"0102050F","Access","Denied","Free Sub Parking","Escort"
"01020510","Access","Denied","Free Sub Parking","Guard Tour"
"01020511","Access","Denied","Free Sub Parking","Two Card"
"01020512","Access","Denied","Free Sub Parking","Two Reader"
"01020514","Access","Denied","Free Sub Parking","Wrong Course"
"01020515","Access","Denied","Free Sub Parking","Parking Date Over"
"01020516","Access","Denied","Free Sub Parking","Parking Max Limit"
"01020517","Access","Denied","Free Sub Parking","Regular Parkiing Max Limit"
"01020518","Access","Denied","Free Sub Parking","Free Parking Max Limit"
"01020519","Access","Denied","Free Sub Parking","Free Sub Parking Max Limit"
"0102051A","Access","Denied","Free Sub Parking","Sub Parking Max Limit"
"0102051B","Access","Denied","Free Sub Parking","Validation Date"
"0102051C","Access","Denied","Free Sub Parking","Global APB"
"0102051D","Access","Denied","Free Sub Parking","Lock Down"
"0102051E","Access","Denied","Free Sub Parking","Restrict Count"
"0102051F","Access","Denied","Free Sub Parking","Restrict Time"
"01020520","Access","Denied","Free Sub Parking","Meal Option"
"01020521","Access","Denied","Free Sub Parking","Meal Time"
"01020601","Access","Denied","Sub Parking","ID"
"01020602","Access","Denied","Sub Parking","Card"
"01020603","Access","Denied","Sub Parking","FP"
"01020604","Access","Denied","Sub Parking","ID and Card"
"01020605","Access","Denied","Sub Parking","ID and FP"
"01020606","Access","Denied","Sub Parking","Card and FP"
"01020607","Access","Denied","Sub Parking","ID and Card and FP"
"01020608","Access","Denied","Sub Parking","Not Enabled"
"01020609","Access","Denied","Sub Parking","Time"
"0102060A","Access","Denied","Sub Parking","Area"
"0102060B","Access","Denied","Sub Parking","Level"
"0102060C","Access","Denied","Sub Parking","APB"
"0102060D","Access","Denied","Sub Parking","Inter Lock"
"0102060E","Access","Denied","Sub Parking","Trap"
"0102060F","Access","Denied","Sub Parking","Escort"
"01020610","Access","Denied","Sub Parking","Guard Tour"
"01020611","Access","Denied","Sub Parking","Two Card"
"01020612","Access","Denied","Sub Parking","Two Reader"
"01020614","Access","Denied","Sub Parking","Wrong Course"
"01020615","Access","Denied","Sub Parking","Parking Date Over"
"01020616","Access","Denied","Sub Parking","Parking Max Limit"
"01020617","Access","Denied","Sub Parking","Regular Parkiing Max Limit"
"01020618","Access","Denied","Sub Parking","Free Parking Max Limit"
"01020619","Access","Denied","Sub Parking","Free Sub Parking Max Limit"
"0102061A","Access","Denied","Sub Parking","Sub Parking Max Limit"
"0102061B","Access","Denied","Sub Parking","Validation Date"
"0102061C","Access","Denied","Sub Parking","Global APB"
"0102061D","Access","Denied","Sub Parking","Lock Down"
"0102061E","Access","Denied","Sub Parking","Restrict Count"
"0102061F","Access","Denied","Sub Parking","Restrict Time"
"01020620","Access","Denied","Sub Parking","Meal Option"
"01020621","Access","Denied","Sub Parking","Meal Time"
"01020701","Access","Denied","MMAA","ID"
"01020702","Access","Denied","MMAA","Card"
"01020703","Access","Denied","MMAA","FP"
"01020704","Access","Denied","MMAA","ID and Card"
"01020705","Access","Denied","MMAA","ID and FP"
"01020706","Access","Denied","MMAA","Card and FP"
"01020707","Access","Denied","MMAA","ID and Card and FP"
"01020708","Access","Denied","MMAA","Not Enabled"
"01020709","Access","Denied","MMAA","Time"
"0102070A","Access","Denied","MMAA","Area"
"0102070B","Access","Denied","MMAA","Level"
"0102070C","Access","Denied","MMAA","APB"
"0102070D","Access","Denied","MMAA","Inter Lock"
"0102070E","Access","Denied","MMAA","Trap"
"0102070F","Access","Denied","MMAA","Escort"
"01020710","Access","Denied","MMAA","Guard Tour"
"01020711","Access","Denied","MMAA","Two Card"
"01020712","Access","Denied","MMAA","Two Reader"
"01020714","Access","Denied","MMAA","Wrong Course"
"01020715","Access","Denied","MMAA","Parking Date Over"
"01020716","Access","Denied","MMAA","Parking Max Limit"
"01020717","Access","Denied","MMAA","Regular Parkiing Max Limit"
"01020718","Access","Denied","MMAA","Free Parking Max Limit"
"01020719","Access","Denied","MMAA","Free Sub Parking Max Limit"
"0102071A","Access","Denied","MMAA","Sub Parking Max Limit"
"0102071B","Access","Denied","MMAA","Validation Date"
"0102071C","Access","Denied","MMAA","Global APB"
"0102071D","Access","Denied","MMAA","Lock Down"
"0102071E","Access","Denied","MMAA","Restrict Count"
"0102071F","Access","Denied","MMAA","Restrict Time"
"01020720","Access","Denied","MMAA","Meal Option"
"01020721","Access","Denied","MMAA","Meal Time"
"10020101","Data","Action","Registry","Success"
"10020102","Data","Action","Registry","All Success"
"10020103","Data","Action","Registry","All Failed"
"10020104","Data","Action","Registry","Failed"
"10020105","Data","Action","Registry","Failed by Time out"
"10020106","Data","Action","Registry","Failed by Incorrect ID"
"10020107","Data","Action","Registry","Failed by None Existed"
"10020108","Data","Action","Registry","Failed by Verification"
"10020109","Data","Action","Registry","Failed by already exist"
"1002010A","Data","Action","Registry","Failed by Max Limit"
"1002010B","Data","Action","Registry","Failed by Master not found"
"1002010C","Data","Action","Registry","Failed by Master Max Limit"
"10020201","Data","Action","Delete","Success"
"10020202","Data","Action","Delete","All Success"
"10020203","Data","Action","Delete","All Failed"
"10020204","Data","Action","Delete","Failed"
"10020205","Data","Action","Delete","Failed by Time out"
"10020206","Data","Action","Delete","Failed by Incorrect ID"
"10020207","Data","Action","Delete","Failed by None Existed"
"10020208","Data","Action","Delete","Failed by Verification"
"10020209","Data","Action","Delete","Failed by already exist"
"1002020A","Data","Action","Delete","Failed by Max Limit"
"1002020B","Data","Action","Delete","Failed by Master not found"
"1002020C","Data","Action","Delete","Failed by Master Max Limit"
"10020301","Data","Action","Change","Success"
"10020302","Data","Action","Change","All Success"
"10020303","Data","Action","Change","All Failed"
"10020304","Data","Action","Change","Failed"
"10020305","Data","Action","Change","Failed by Time out"
"10020306","Data","Action","Change","Failed by Incorrect ID"
"10020307","Data","Action","Change","Failed by None Existed"
"10020308","Data","Action","Change","Failed by Verification"
"10020309","Data","Action","Change","Failed by already exist"
"1002030A","Data","Action","Change","Failed by Max Limit"
"1002030B","Data","Action","Change","Failed by Master not found"
"1002030C","Data","Action","Change","Failed by Master Max Limit"
"10030101","Data","Group Apply","Registry","Success"
"10030102","Data","Group Apply","Registry","All Success"
"10030103","Data","Group Apply","Registry","All Failed"
"10030104","Data","Group Apply","Registry","Failed"
"10030105","Data","Group Apply","Registry","Failed by Time out"
"10030106","Data","Group Apply","Registry","Failed by Incorrect ID"
"10030107","Data","Group Apply","Registry","Failed by None Existed"
"10030108","Data","Group Apply","Registry","Failed by Verification"
"10030109","Data","Group Apply","Registry","Failed by already exist"
"1003010A","Data","Group Apply","Registry","Failed by Max Limit"
"1003010B","Data","Group Apply","Registry","Failed by Master not found"
"1003010C","Data","Group Apply","Registry","Failed by Master Max Limit"
"10030201","Data","Group Apply","Delete","Success"
"10030202","Data","Group Apply","Delete","All Success"
"10030203","Data","Group Apply","Delete","All Failed"
"10030204","Data","Group Apply","Delete","Failed"
"10030205","Data","Group Apply","Delete","Failed by Time out"
"10030206","Data","Group Apply","Delete","Failed by Incorrect ID"
"10030207","Data","Group Apply","Delete","Failed by None Existed"
"10030208","Data","Group Apply","Delete","Failed by Verification"
"10030209","Data","Group Apply","Delete","Failed by already exist"
"1003020A","Data","Group Apply","Delete","Failed by Max Limit"
"1003020B","Data","Group Apply","Delete","Failed by Master not found"
"1003020C","Data","Group Apply","Delete","Failed by Master Max Limit"
"10030301","Data","Group Apply","Change","Success"
"10030302","Data","Group Apply","Change","All Success"
"10030303","Data","Group Apply","Change","All Failed"
"10030304","Data","Group Apply","Change","Failed"
"10030305","Data","Group Apply","Change","Failed by Time out"
"10030306","Data","Group Apply","Change","Failed by Incorrect ID"
"10030307","Data","Group Apply","Change","Failed by None Existed"
"10030308","Data","Group Apply","Change","Failed by Verification"
"10030309","Data","Group Apply","Change","Failed by already exist"
"1003030A","Data","Group Apply","Change","Failed by Max Limit"
"1003030B","Data","Group Apply","Change","Failed by Master not found"
"1003030C","Data","Group Apply","Change","Failed by Master Max Limit"
"10150101","Data","User","Registry","Success"
"10150102","Data","User","Registry","All Success"
"10150103","Data","User","Registry","All Failed"
"10150104","Data","User","Registry","Failed"
"10150105","Data","User","Registry","Failed by Time out"
"10150106","Data","User","Registry","Failed by Incorrect ID"
"10150107","Data","User","Registry","Failed by None Existed"
"10150108","Data","User","Registry","Failed by Verification"
"10150109","Data","User","Registry","Failed by already exist"
"1015010A","Data","User","Registry","Failed by Max Limit"
"1015010B","Data","User","Registry","Failed by Master not found"
"1015010C","Data","User","Registry","Failed by Master Max Limit"
"10150201","Data","User","Delete","Success"
"10150202","Data","User","Delete","All Success"
"10150203","Data","User","Delete","All Failed"
"10150204","Data","User","Delete","Failed"
"10150205","Data","User","Delete","Failed by Time out"
"10150206","Data","User","Delete","Failed by Incorrect ID"
"10150207","Data","User","Delete","Failed by None Existed"
"10150208","Data","User","Delete","Failed by Verification"
"10150209","Data","User","Delete","Failed by already exist"
"1015020A","Data","User","Delete","Failed by Max Limit"
"1015020B","Data","User","Delete","Failed by Master not found"
"1015020C","Data","User","Delete","Failed by Master Max Limit"
"10150301","Data","User","Change","Success"
"10150302","Data","User","Change","All Success"
"10150303","Data","User","Change","All Failed"
"10150304","Data","User","Change","Failed"
"10150305","Data","User","Change","Failed by Time out"
"10150306","Data","User","Change","Failed by Incorrect ID"
"10150307","Data","User","Change","Failed by None Existed"
"10150308","Data","User","Change","Failed by Verification"
"10150309","Data","User","Change","Failed by already exist"
"1015030A","Data","User","Change","Failed by Max Limit"
"1015030B","Data","User","Change","Failed by Master not found"
"1015030C","Data","User","Change","Failed by Master Max Limit"
"10160101","Data","User Info","Registry","Success"
"10160102","Data","User Info","Registry","All Success"
"10160103","Data","User Info","Registry","All Failed"
"10160104","Data","User Info","Registry","Failed"
"10160105","Data","User Info","Registry","Failed by Time out"
"10160106","Data","User Info","Registry","Failed by Incorrect ID"
"10160107","Data","User Info","Registry","Failed by None Existed"
"10160108","Data","User Info","Registry","Failed by Verification"
"10160109","Data","User Info","Registry","Failed by already exist"
"1016010A","Data","User Info","Registry","Failed by Max Limit"
"1016010B","Data","User Info","Registry","Failed by Master not found"
"1016010C","Data","User Info","Registry","Failed by Master Max Limit"
"10160201","Data","User Info","Delete","Success"
"10160202","Data","User Info","Delete","All Success"
"10160203","Data","User Info","Delete","All Failed"
"10160204","Data","User Info","Delete","Failed"
"10160205","Data","User Info","Delete","Failed by Time out"
"10160206","Data","User Info","Delete","Failed by Incorrect ID"
"10160207","Data","User Info","Delete","Failed by None Existed"
"10160208","Data","User Info","Delete","Failed by Verification"
"10160209","Data","User Info","Delete","Failed by already exist"
"1016020A","Data","User Info","Delete","Failed by Max Limit"
"1016020B","Data","User Info","Delete","Failed by Master not found"
"1016020C","Data","User Info","Delete","Failed by Master Max Limit"
"10160301","Data","User Info","Change","Success"
"10160302","Data","User Info","Change","All Success"
"10160303","Data","User Info","Change","All Failed"
"10160304","Data","User Info","Change","Failed"
"10160305","Data","User Info","Change","Failed by Time out"
"10160306","Data","User Info","Change","Failed by Incorrect ID"
"10160307","Data","User Info","Change","Failed by None Existed"
"10160308","Data","User Info","Change","Failed by Verification"
"10160309","Data","User Info","Change","Failed by already exist"
"1016030A","Data","User Info","Change","Failed by Max Limit"
"1016030B","Data","User Info","Change","Failed by Master not found"
"1016030C","Data","User Info","Change","Failed by Master Max Limit"
"10170101","Data","User Card","Registry","Success"
"10170102","Data","User Card","Registry","All Success"
"10170103","Data","User Card","Registry","All Failed"
"10170104","Data","User Card","Registry","Failed"
"10170105","Data","User Card","Registry","Failed by Time out"
"10170106","Data","User Card","Registry","Failed by Incorrect ID"
"10170107","Data","User Card","Registry","Failed by None Existed"
"10170108","Data","User Card","Registry","Failed by Verification"
"10170109","Data","User Card","Registry","Failed by already exist"
"1017010A","Data","User Card","Registry","Failed by Max Limit"
"1017010B","Data","User Card","Registry","Failed by Master not found"
"1017010C","Data","User Card","Registry","Failed by Master Max Limit"
"10170201","Data","User Card","Delete","Success"
"10170202","Data","User Card","Delete","All Success"
"10170203","Data","User Card","Delete","All Failed"
"10170204","Data","User Card","Delete","Failed"
"10170205","Data","User Card","Delete","Failed by Time out"
"10170206","Data","User Card","Delete","Failed by Incorrect ID"
"10170207","Data","User Card","Delete","Failed by None Existed"
"10170208","Data","User Card","Delete","Failed by Verification"
"10170209","Data","User Card","Delete","Failed by already exist"
"1017020A","Data","User Card","Delete","Failed by Max Limit"
"1017020B","Data","User Card","Delete","Failed by Master not found"
"1017020C","Data","User Card","Delete","Failed by Master Max Limit"
"10170301","Data","User Card","Change","Success"
"10170302","Data","User Card","Change","All Success"
"10170303","Data","User Card","Change","All Failed"
"10170304","Data","User Card","Change","Failed"
"10170305","Data","User Card","Change","Failed by Time out"
"10170306","Data","User Card","Change","Failed by Incorrect ID"
"10170307","Data","User Card","Change","Failed by None Existed"
"10170308","Data","User Card","Change","Failed by Verification"
"10170309","Data","User Card","Change","Failed by already exist"
"1017030A","Data","User Card","Change","Failed by Max Limit"
"1017030B","Data","User Card","Change","Failed by Master not found"
"1017030C","Data","User Card","Change","Failed by Master Max Limit"
"10180101","Data","User Finger","Registry","Success"
"10180102","Data","User Finger","Registry","All Success"
"10180103","Data","User Finger","Registry","All Failed"
"10180104","Data","User Finger","Registry","Failed"
"10180105","Data","User Finger","Registry","Failed by Time out"
"10180106","Data","User Finger","Registry","Failed by Incorrect ID"
"10180107","Data","User Finger","Registry","Failed by None Existed"
"10180108","Data","User Finger","Registry","Failed by Verification"
"10180109","Data","User Finger","Registry","Failed by already exist"
"1018010A","Data","User Finger","Registry","Failed by Max Limit"
"1018010B","Data","User Finger","Registry","Failed by Master not found"
"1018010C","Data","User Finger","Registry","Failed by Master Max Limit"
"10180201","Data","User Finger","Delete","Success"
"10180202","Data","User Finger","Delete","All Success"
"10180203","Data","User Finger","Delete","All Failed"
"10180204","Data","User Finger","Delete","Failed"
"10180205","Data","User Finger","Delete","Failed by Time out"
"10180206","Data","User Finger","Delete","Failed by Incorrect ID"
"10180207","Data","User Finger","Delete","Failed by None Existed"
"10180208","Data","User Finger","Delete","Failed by Verification"
"10180209","Data","User Finger","Delete","Failed by already exist"
"1018020A","Data","User Finger","Delete","Failed by Max Limit"
"1018020B","Data","User Finger","Delete","Failed by Master not found"
"1018020C","Data","User Finger","Delete","Failed by Master Max Limit"
"10180301","Data","User Finger","Change","Success"
"10180302","Data","User Finger","Change","All Success"
"10180303","Data","User Finger","Change","All Failed"
"10180304","Data","User Finger","Change","Failed"
"10180305","Data","User Finger","Change","Failed by Time out"
"10180306","Data","User Finger","Change","Failed by Incorrect ID"
"10180307","Data","User Finger","Change","Failed by None Existed"
"10180308","Data","User Finger","Change","Failed by Verification"
"10180309","Data","User Finger","Change","Failed by already exist"
"1018030A","Data","User Finger","Change","Failed by Max Limit"
"1018030B","Data","User Finger","Change","Failed by Master not found"
"1018030C","Data","User Finger","Change","Failed by Master Max Limit"
"101C0101","Data","User Group Info","Registry","Success"
"101C0102","Data","User Group Info","Registry","All Success"
"101C0103","Data","User Group Info","Registry","All Failed"
"101C0104","Data","User Group Info","Registry","Failed"
"101C0105","Data","User Group Info","Registry","Failed by Time out"
"101C0106","Data","User Group Info","Registry","Failed by Incorrect ID"
"101C0107","Data","User Group Info","Registry","Failed by None Existed"
"101C0108","Data","User Group Info","Registry","Failed by Verification"
"101C0109","Data","User Group Info","Registry","Failed by already exist"
"101C010A","Data","User Group Info","Registry","Failed by Max Limit"
"101C010B","Data","User Group Info","Registry","Failed by Master not found"
"101C010C","Data","User Group Info","Registry","Failed by Master Max Limit"
"101C0201","Data","User Group Info","Delete","Success"
"101C0202","Data","User Group Info","Delete","All Success"
"101C0203","Data","User Group Info","Delete","All Failed"
"101C0204","Data","User Group Info","Delete","Failed"
"101C0205","Data","User Group Info","Delete","Failed by Time out"
"101C0206","Data","User Group Info","Delete","Failed by Incorrect ID"
"101C0207","Data","User Group Info","Delete","Failed by None Existed"
"101C0208","Data","User Group Info","Delete","Failed by Verification"
"101C0209","Data","User Group Info","Delete","Failed by already exist"
"101C020A","Data","User Group Info","Delete","Failed by Max Limit"
"101C020B","Data","User Group Info","Delete","Failed by Master not found"
"101C020C","Data","User Group Info","Delete","Failed by Master Max Limit"
"101C0301","Data","User Group Info","Change","Success"
"101C0302","Data","User Group Info","Change","All Success"
"101C0303","Data","User Group Info","Change","All Failed"
"101C0304","Data","User Group Info","Change","Failed"
"101C0305","Data","User Group Info","Change","Failed by Time out"
"101C0306","Data","User Group Info","Change","Failed by Incorrect ID"
"101C0307","Data","User Group Info","Change","Failed by None Existed"
"101C0308","Data","User Group Info","Change","Failed by Verification"
"101C0309","Data","User Group Info","Change","Failed by already exist"
"101C030A","Data","User Group Info","Change","Failed by Max Limit"
"101C030B","Data","User Group Info","Change","Failed by Master not found"
"101C030C","Data","User Group Info","Change","Failed by Master Max Limit"
"101D0101","Data","User File","Registry","Success"
"101D0102","Data","User File","Registry","All Success"
"101D0103","Data","User File","Registry","All Fail"
"101F0101","Data","Device","Registry","Success"
"101F0102","Data","Device","Registry","All Success"
"101F0103","Data","Device","Registry","All Failed"
"101F0104","Data","Device","Registry","Failed"
"101F0105","Data","Device","Registry","Failed by Time out"
"101F0106","Data","Device","Registry","Failed by Incorrect ID"
"101F0107","Data","Device","Registry","Failed by None Existed"
"101F0108","Data","Device","Registry","Failed by Verification"
"101F0109","Data","Device","Registry","Failed by already exist"
"101F010A","Data","Device","Registry","Failed by Max Limit"
"101F010B","Data","Device","Registry","Failed by Master not found"
"101F010C","Data","Device","Registry","Failed by Master Max Limit"
"101F0201","Data","Device","Delete","Success"
"101F0202","Data","Device","Delete","All Success"
"101F0203","Data","Device","Delete","All Failed"
"101F0204","Data","Device","Delete","Failed"
"101F0205","Data","Device","Delete","Failed by Time out"
"101F0206","Data","Device","Delete","Failed by Incorrect ID"
"101F0207","Data","Device","Delete","Failed by None Existed"
"101F0208","Data","Device","Delete","Failed by Verification"
"101F0209","Data","Device","Delete","Failed by already exist"
"101F020A","Data","Device","Delete","Failed by Max Limit"
"101F020B","Data","Device","Delete","Failed by Master not found"
"101F020C","Data","Device","Delete","Failed by Master Max Limit"
"101F0301","Data","Device","Change","Success"
"101F0302","Data","Device","Change","All Success"
"101F0303","Data","Device","Change","All Failed"
"101F0304","Data","Device","Change","Failed"
"101F0305","Data","Device","Change","Failed by Time out"
"101F0306","Data","Device","Change","Failed by Incorrect ID"
"101F0307","Data","Device","Change","Failed by None Existed"
"101F0308","Data","Device","Change","Failed by Verification"
"101F0309","Data","Device","Change","Failed by already exist"
"101F030A","Data","Device","Change","Failed by Max Limit"
"101F030B","Data","Device","Change","Failed by Master not found"
"101F030C","Data","Device","Change","Failed by Master Max Limit"
"10200101","Data","Device Info","Registry","Success"
"10200102","Data","Device Info","Registry","All Success"
"10200103","Data","Device Info","Registry","All Failed"
"10200104","Data","Device Info","Registry","Failed"
"10200105","Data","Device Info","Registry","Failed by Time out"
"10200106","Data","Device Info","Registry","Failed by Incorrect ID"
"10200107","Data","Device Info","Registry","Failed by None Existed"
"10200108","Data","Device Info","Registry","Failed by Verification"
"10200109","Data","Device Info","Registry","Failed by already exist"
"1020010A","Data","Device Info","Registry","Failed by Max Limit"
"1020010B","Data","Device Info","Registry","Failed by Master not found"
"1020010C","Data","Device Info","Registry","Failed by Master Max Limit"
"10200201","Data","Device Info","Delete","Success"
"10200202","Data","Device Info","Delete","All Success"
"10200203","Data","Device Info","Delete","All Failed"
"10200204","Data","Device Info","Delete","Failed"
"10200205","Data","Device Info","Delete","Failed by Time out"
"10200206","Data","Device Info","Delete","Failed by Incorrect ID"
"10200207","Data","Device Info","Delete","Failed by None Existed"
"10200208","Data","Device Info","Delete","Failed by Verification"
"10200209","Data","Device Info","Delete","Failed by already exist"
"1020020A","Data","Device Info","Delete","Failed by Max Limit"
"1020020B","Data","Device Info","Delete","Failed by Master not found"
"1020020C","Data","Device Info","Delete","Failed by Master Max Limit"
"10200301","Data","Device Info","Change","Success"
"10200302","Data","Device Info","Change","All Success"
"10200303","Data","Device Info","Change","All Failed"
"10200304","Data","Device Info","Change","Failed"
"10200305","Data","Device Info","Change","Failed by Time out"
"10200306","Data","Device Info","Change","Failed by Incorrect ID"
"10200307","Data","Device Info","Change","Failed by None Existed"
"10200308","Data","Device Info","Change","Failed by Verification"
"10200309","Data","Device Info","Change","Failed by already exist"
"1020030A","Data","Device Info","Change","Failed by Max Limit"
"1020030B","Data","Device Info","Change","Failed by Master not found"
"1020030C","Data","Device Info","Change","Failed by Master Max Limit"
"10210101","Data","Input","Registry","Success"
"10210102","Data","Input","Registry","All Success"
"10210103","Data","Input","Registry","All Failed"
"10210104","Data","Input","Registry","Failed"
"10210105","Data","Input","Registry","Failed by Time out"
"10210106","Data","Input","Registry","Failed by Incorrect ID"
"10210107","Data","Input","Registry","Failed by None Existed"
"10210108","Data","Input","Registry","Failed by Verification"
"10210109","Data","Input","Registry","Failed by already exist"
"1021010A","Data","Input","Registry","Failed by Max Limit"
"1021010B","Data","Input","Registry","Failed by Master not found"
"1021010C","Data","Input","Registry","Failed by Master Max Limit"
"10210201","Data","Input","Delete","Success"
"10210202","Data","Input","Delete","All Success"
"10210203","Data","Input","Delete","All Failed"
"10210204","Data","Input","Delete","Failed"
"10210205","Data","Input","Delete","Failed by Time out"
"10210206","Data","Input","Delete","Failed by Incorrect ID"
"10210207","Data","Input","Delete","Failed by None Existed"
"10210208","Data","Input","Delete","Failed by Verification"
"10210209","Data","Input","Delete","Failed by already exist"
"1021020A","Data","Input","Delete","Failed by Max Limit"
"1021020B","Data","Input","Delete","Failed by Master not found"
"1021020C","Data","Input","Delete","Failed by Master Max Limit"
"10210301","Data","Input","Change","Success"
"10210302","Data","Input","Change","All Success"
"10210303","Data","Input","Change","All Failed"
"10210304","Data","Input","Change","Failed"
"10210305","Data","Input","Change","Failed by Time out"
"10210306","Data","Input","Change","Failed by Incorrect ID"
"10210307","Data","Input","Change","Failed by None Existed"
"10210308","Data","Input","Change","Failed by Verification"
"10210309","Data","Input","Change","Failed by already exist"
"1021030A","Data","Input","Change","Failed by Max Limit"
"1021030B","Data","Input","Change","Failed by Master not found"
"1021030C","Data","Input","Change","Failed by Master Max Limit"
"10220101","Data","Output","Registry","Success"
"10220102","Data","Output","Registry","All Success"
"10220103","Data","Output","Registry","All Failed"
"10220104","Data","Output","Registry","Failed"
"10220105","Data","Output","Registry","Failed by Time out"
"10220106","Data","Output","Registry","Failed by Incorrect ID"
"10220107","Data","Output","Registry","Failed by None Existed"
"10220108","Data","Output","Registry","Failed by Verification"
"10220109","Data","Output","Registry","Failed by already exist"
"1022010A","Data","Output","Registry","Failed by Max Limit"
"1022010B","Data","Output","Registry","Failed by Master not found"
"1022010C","Data","Output","Registry","Failed by Master Max Limit"
"10220201","Data","Output","Delete","Success"
"10220202","Data","Output","Delete","All Success"
"10220203","Data","Output","Delete","All Failed"
"10220204","Data","Output","Delete","Failed"
"10220205","Data","Output","Delete","Failed by Time out"
"10220206","Data","Output","Delete","Failed by Incorrect ID"
"10220207","Data","Output","Delete","Failed by None Existed"
"10220208","Data","Output","Delete","Failed by Verification"
"10220209","Data","Output","Delete","Failed by already exist"
"1022020A","Data","Output","Delete","Failed by Max Limit"
"1022020B","Data","Output","Delete","Failed by Master not found"
"1022020C","Data","Output","Delete","Failed by Master Max Limit"
"10220301","Data","Output","Change","Success"
"10220302","Data","Output","Change","All Success"
"10220303","Data","Output","Change","All Failed"
"10220304","Data","Output","Change","Failed"
"10220305","Data","Output","Change","Failed by Time out"
"10220306","Data","Output","Change","Failed by Incorrect ID"
"10220307","Data","Output","Change","Failed by None Existed"
"10220308","Data","Output","Change","Failed by Verification"
"10220309","Data","Output","Change","Failed by already exist"
"1022030A","Data","Output","Change","Failed by Max Limit"
"1022030B","Data","Output","Change","Failed by Master not found"
"1022030C","Data","Output","Change","Failed by Master Max Limit"
"10230101","Data","Reader","Registry","Success"
"10230102","Data","Reader","Registry","All Success"
"10230103","Data","Reader","Registry","All Failed"
"10230104","Data","Reader","Registry","Failed"
"10230105","Data","Reader","Registry","Failed by Time out"
"10230106","Data","Reader","Registry","Failed by Incorrect ID"
"10230107","Data","Reader","Registry","Failed by None Existed"
"10230108","Data","Reader","Registry","Failed by Verification"
"10230109","Data","Reader","Registry","Failed by already exist"
"1023010A","Data","Reader","Registry","Failed by Max Limit"
"1023010B","Data","Reader","Registry","Failed by Master not found"
"1023010C","Data","Reader","Registry","Failed by Master Max Limit"
"10230201","Data","Reader","Delete","Success"
"10230202","Data","Reader","Delete","All Success"
"10230203","Data","Reader","Delete","All Failed"
"10230204","Data","Reader","Delete","Failed"
"10230205","Data","Reader","Delete","Failed by Time out"
"10230206","Data","Reader","Delete","Failed by Incorrect ID"
"10230207","Data","Reader","Delete","Failed by None Existed"
"10230208","Data","Reader","Delete","Failed by Verification"
"10230209","Data","Reader","Delete","Failed by already exist"
"1023020A","Data","Reader","Delete","Failed by Max Limit"
"1023020B","Data","Reader","Delete","Failed by Master not found"
"1023020C","Data","Reader","Delete","Failed by Master Max Limit"
"10230301","Data","Reader","Change","Success"
"10230302","Data","Reader","Change","All Success"
"10230303","Data","Reader","Change","All Failed"
"10230304","Data","Reader","Change","Failed"
"10230305","Data","Reader","Change","Failed by Time out"
"10230306","Data","Reader","Change","Failed by Incorrect ID"
"10230307","Data","Reader","Change","Failed by None Existed"
"10230308","Data","Reader","Change","Failed by Verification"
"10230309","Data","Reader","Change","Failed by already exist"
"1023030A","Data","Reader","Change","Failed by Max Limit"
"1023030B","Data","Reader","Change","Failed by Master not found"
"1023030C","Data","Reader","Change","Failed by Master Max Limit"
"10240101","Data","Device Group Info","Registry","Success"
"10240102","Data","Device Group Info","Registry","All Success"
"10240103","Data","Device Group Info","Registry","All Failed"
"10240104","Data","Device Group Info","Registry","Failed"
"10240105","Data","Device Group Info","Registry","Failed by Time out"
"10240106","Data","Device Group Info","Registry","Failed by Incorrect ID"
"10240107","Data","Device Group Info","Registry","Failed by None Existed"
"10240108","Data","Device Group Info","Registry","Failed by Verification"
"10240109","Data","Device Group Info","Registry","Failed by already exist"
"1024010A","Data","Device Group Info","Registry","Failed by Max Limit"
"1024010B","Data","Device Group Info","Registry","Failed by Master not found"
"1024010C","Data","Device Group Info","Registry","Failed by Master Max Limit"
"10240201","Data","Device Group Info","Delete","Success"
"10240202","Data","Device Group Info","Delete","All Success"
"10240203","Data","Device Group Info","Delete","All Failed"
"10240204","Data","Device Group Info","Delete","Failed"
"10240205","Data","Device Group Info","Delete","Failed by Time out"
"10240206","Data","Device Group Info","Delete","Failed by Incorrect ID"
"10240207","Data","Device Group Info","Delete","Failed by None Existed"
"10240208","Data","Device Group Info","Delete","Failed by Verification"
"10240209","Data","Device Group Info","Delete","Failed by already exist"
"1024020A","Data","Device Group Info","Delete","Failed by Max Limit"
"1024020B","Data","Device Group Info","Delete","Failed by Master not found"
"1024020C","Data","Device Group Info","Delete","Failed by Master Max Limit"
"10240301","Data","Device Group Info","Change","Success"
"10240302","Data","Device Group Info","Change","All Success"
"10240303","Data","Device Group Info","Change","All Failed"
"10240304","Data","Device Group Info","Change","Failed"
"10240305","Data","Device Group Info","Change","Failed by Time out"
"10240306","Data","Device Group Info","Change","Failed by Incorrect ID"
"10240307","Data","Device Group Info","Change","Failed by None Existed"
"10240308","Data","Device Group Info","Change","Failed by Verification"
"10240309","Data","Device Group Info","Change","Failed by already exist"
"1024030A","Data","Device Group Info","Change","Failed by Max Limit"
"1024030B","Data","Device Group Info","Change","Failed by Master not found"
"1024030C","Data","Device Group Info","Change","Failed by Master Max Limit"
"10680101","Data","Timezone","Registry","Success"
"10680102","Data","Timezone","Registry","All Success"
"10680103","Data","Timezone","Registry","All Failed"
"10680104","Data","Timezone","Registry","Failed"
"10680105","Data","Timezone","Registry","Failed by Time out"
"10680106","Data","Timezone","Registry","Failed by Incorrect ID"
"10680107","Data","Timezone","Registry","Failed by None Existed"
"10680108","Data","Timezone","Registry","Failed by Verification"
"10680109","Data","Timezone","Registry","Failed by already exist"
"1068010A","Data","Timezone","Registry","Failed by Max Limit"
"1068010B","Data","Timezone","Registry","Failed by Master not found"
"1068010C","Data","Timezone","Registry","Failed by Master Max Limit"
"10680201","Data","Timezone","Delete","Success"
"10680202","Data","Timezone","Delete","All Success"
"10680203","Data","Timezone","Delete","All Failed"
"10680204","Data","Timezone","Delete","Failed"
"10680205","Data","Timezone","Delete","Failed by Time out"
"10680206","Data","Timezone","Delete","Failed by Incorrect ID"
"10680207","Data","Timezone","Delete","Failed by None Existed"
"10680208","Data","Timezone","Delete","Failed by Verification"
"10680209","Data","Timezone","Delete","Failed by already exist"
"1068020A","Data","Timezone","Delete","Failed by Max Limit"
"1068020B","Data","Timezone","Delete","Failed by Master not found"
"1068020C","Data","Timezone","Delete","Failed by Master Max Limit"
"10680301","Data","Timezone","Change","Success"
"10680302","Data","Timezone","Change","All Success"
"10680303","Data","Timezone","Change","All Failed"
"10680304","Data","Timezone","Change","Failed"
"10680305","Data","Timezone","Change","Failed by Time out"
"10680306","Data","Timezone","Change","Failed by Incorrect ID"
"10680307","Data","Timezone","Change","Failed by None Existed"
"10680308","Data","Timezone","Change","Failed by Verification"
"10680309","Data","Timezone","Change","Failed by already exist"
"1068030A","Data","Timezone","Change","Failed by Max Limit"
"1068030B","Data","Timezone","Change","Failed by Master not found"
"1068030C","Data","Timezone","Change","Failed by Master Max Limit"
"10690101","Data","Validation Date","Registry","Success"
"10690102","Data","Validation Date","Registry","All Success"
"10690103","Data","Validation Date","Registry","All Failed"
"10690104","Data","Validation Date","Registry","Failed"
"10690105","Data","Validation Date","Registry","Failed by Time out"
"10690106","Data","Validation Date","Registry","Failed by Incorrect ID"
"10690107","Data","Validation Date","Registry","Failed by None Existed"
"10690108","Data","Validation Date","Registry","Failed by Verification"
"10690109","Data","Validation Date","Registry","Failed by already exist"
"1069010A","Data","Validation Date","Registry","Failed by Max Limit"
"1069010B","Data","Validation Date","Registry","Failed by Master not found"
"1069010C","Data","Validation Date","Registry","Failed by Master Max Limit"
"10690201","Data","Validation Date","Delete","Success"
"10690202","Data","Validation Date","Delete","All Success"
"10690203","Data","Validation Date","Delete","All Failed"
"10690204","Data","Validation Date","Delete","Failed"
"10690205","Data","Validation Date","Delete","Failed by Time out"
"10690206","Data","Validation Date","Delete","Failed by Incorrect ID"
"10690207","Data","Validation Date","Delete","Failed by None Existed"
"10690208","Data","Validation Date","Delete","Failed by Verification"
"10690209","Data","Validation Date","Delete","Failed by already exist"
"1069020A","Data","Validation Date","Delete","Failed by Max Limit"
"1069020B","Data","Validation Date","Delete","Failed by Master not found"
"1069020C","Data","Validation Date","Delete","Failed by Master Max Limit"
"10690301","Data","Validation Date","Change","Success"
"10690302","Data","Validation Date","Change","All Success"
"10690303","Data","Validation Date","Change","All Failed"
"10690304","Data","Validation Date","Change","Failed"
"10690305","Data","Validation Date","Change","Failed by Time out"
"10690306","Data","Validation Date","Change","Failed by Incorrect ID"
"10690307","Data","Validation Date","Change","Failed by None Existed"
"10690308","Data","Validation Date","Change","Failed by Verification"
"10690309","Data","Validation Date","Change","Failed by already exist"
"1069030A","Data","Validation Date","Change","Failed by Max Limit"
"1069030B","Data","Validation Date","Change","Failed by Master not found"
"1069030C","Data","Validation Date","Change","Failed by Master Max Limit"
"106A0101","Data","Area","Registry","Success"
"106A0102","Data","Area","Registry","All Success"
"106A0103","Data","Area","Registry","All Failed"
"106A0104","Data","Area","Registry","Failed"
"106A0105","Data","Area","Registry","Failed by Time out"
"106A0106","Data","Area","Registry","Failed by Incorrect ID"
"106A0107","Data","Area","Registry","Failed by None Existed"
"106A0108","Data","Area","Registry","Failed by Verification"
"106A0109","Data","Area","Registry","Failed by already exist"
"106A010A","Data","Area","Registry","Failed by Max Limit"
"106A010B","Data","Area","Registry","Failed by Master not found"
"106A010C","Data","Area","Registry","Failed by Master Max Limit"
"106A0201","Data","Area","Delete","Success"
"106A0202","Data","Area","Delete","All Success"
"106A0203","Data","Area","Delete","All Failed"
"106A0204","Data","Area","Delete","Failed"
"106A0205","Data","Area","Delete","Failed by Time out"
"106A0206","Data","Area","Delete","Failed by Incorrect ID"
"106A0207","Data","Area","Delete","Failed by None Existed"
"106A0208","Data","Area","Delete","Failed by Verification"
"106A0209","Data","Area","Delete","Failed by already exist"
"106A020A","Data","Area","Delete","Failed by Max Limit"
"106A020B","Data","Area","Delete","Failed by Master not found"
"106A020C","Data","Area","Delete","Failed by Master Max Limit"
"106A0301","Data","Area","Change","Success"
"106A0302","Data","Area","Change","All Success"
"106A0303","Data","Area","Change","All Failed"
"106A0304","Data","Area","Change","Failed"
"106A0305","Data","Area","Change","Failed by Time out"
"106A0306","Data","Area","Change","Failed by Incorrect ID"
"106A0307","Data","Area","Change","Failed by None Existed"
"106A0308","Data","Area","Change","Failed by Verification"
"106A0309","Data","Area","Change","Failed by already exist"
"106A030A","Data","Area","Change","Failed by Max Limit"
"106A030B","Data","Area","Change","Failed by Master not found"
"106A030C","Data","Area","Change","Failed by Master Max Limit"
"106B0101","Data","Access Group","Registry","Success"
"106B0102","Data","Access Group","Registry","All Success"
"106B0103","Data","Access Group","Registry","All Failed"
"106B0104","Data","Access Group","Registry","Failed"
"106B0105","Data","Access Group","Registry","Failed by Time out"
"106B0106","Data","Access Group","Registry","Failed by Incorrect ID"
"106B0107","Data","Access Group","Registry","Failed by None Existed"
"106B0108","Data","Access Group","Registry","Failed by Verification"
"106B0109","Data","Access Group","Registry","Failed by already exist"
"106B010A","Data","Access Group","Registry","Failed by Max Limit"
"106B010B","Data","Access Group","Registry","Failed by Master not found"
"106B010C","Data","Access Group","Registry","Failed by Master Max Limit"
"106B0201","Data","Access Group","Delete","Success"
"106B0202","Data","Access Group","Delete","All Success"
"106B0203","Data","Access Group","Delete","All Failed"
"106B0204","Data","Access Group","Delete","Failed"
"106B0205","Data","Access Group","Delete","Failed by Time out"
"106B0206","Data","Access Group","Delete","Failed by Incorrect ID"
"106B0207","Data","Access Group","Delete","Failed by None Existed"
"106B0208","Data","Access Group","Delete","Failed by Verification"
"106B0209","Data","Access Group","Delete","Failed by already exist"
"106B020A","Data","Access Group","Delete","Failed by Max Limit"
"106B020B","Data","Access Group","Delete","Failed by Master not found"
"106B020C","Data","Access Group","Delete","Failed by Master Max Limit"
"106B0301","Data","Access Group","Change","Success"
"106B0302","Data","Access Group","Change","All Success"
"106B0303","Data","Access Group","Change","All Failed"
"106B0304","Data","Access Group","Change","Failed"
"106B0305","Data","Access Group","Change","Failed by Time out"
"106B0306","Data","Access Group","Change","Failed by Incorrect ID"
"106B0307","Data","Access Group","Change","Failed by None Existed"
"106B0308","Data","Access Group","Change","Failed by Verification"
"106B0309","Data","Access Group","Change","Failed by already exist"
"106B030A","Data","Access Group","Change","Failed by Max Limit"
"106B030B","Data","Access Group","Change","Failed by Master not found"
"106B030C","Data","Access Group","Change","Failed by Master Max Limit"
"18010101","System","None","Event","Administrator Mode Entered"
"18010102","System","None","Event","Administrator Mode Denied"
"18010103","System","None","Event","Administrator Mode Denied by Timeout"
"18010104","System","None","Event","Administrator Mode Exit"
"18010105","System","None","Event","Administrator Password Changed"
"18010106","System","None","Event","Administrator Password Change Failed"
"18010107","System","None","Event","Factory Reset Success"
"18010108","System","None","Event","Factory Reset Failed"
"18010109","System","None","Event","Request to Exit"
"1801010A","System","None","Event","APB Amnesty Cleared"
"1801010B","System","None","Event","APB Amnesty Failed"
"1801010C","System","None","Event","All APB Amnesty Cleared"
"1801010D","System","None","Event","All APB Amnesty Failed"
"1801010E","System","None","Event","Operation Mode Changed"
"1801010F","System","None","Event","Date & Time Changed"
"18010110","System","None","Event","Card Signal Changed"
"18010111","System","None","Event","Sensor Detection"
"18010112","System","None","Event","Sensor Restoration"
"18010113","System","None","Event","Sensor Activation Success"
"18010114","System","None","Event","Sensor Activation Failed"
"18010115","System","None","Event","Relay Activation Success"
"18010116","System","None","Event","Relay Activation Failed"
"18010117","System","None","Event","Reader Activation Success"
"18010118","System","None","Event","Reader Activation Failed"
"18010119","System","None","Event","Door Forced Open Mode"
"1801011A","System","None","Event","Door Normal Mode"
"18010201","System","None","IN Sensor","Cover Removed"
"18010202","System","None","IN Sensor","Cover Restored"
"18010203","System","None","IN Sensor","Bolt Removed"
"18010204","System","None","IN Sensor","Bolt Restored"
"18010205","System","None","IN Sensor","Short Circuit  Detected"
"18010206","System","None","IN Sensor","Short Circuit Restored"
"18010301","System","None","EX Sensor","Door Forced Opened"
"18010302","System","None","EX Sensor","Door Forced Closed"
"18010303","System","None","EX Sensor","Door Held Opened"
"18010304","System","None","EX Sensor","Intrusion Detected"
"18010305","System","None","EX Sensor","Intrusion Restored"
"18010306","System","None","EX Sensor","Motion Detected"
"18010307","System","None","EX Sensor","Motion Restored"
"18010401","System","None","EM Sensor","Fire Detected"
"18010402","System","None","EM Sensor","Fire Restored"
"18010403","System","None","EM Sensor","Gas Smoke Detected"
"18010404","System","None","EM Sensor","Gas Smoke Restored"
"18010501","System","None","Device","Battery Low"
"18010502","System","None","Device","Power Failure"
"18010503","System","None","Device","Powered Up"
"18010504","System","None","Device","Power Restored"
"18010505","System","None","Device","Device Busy"
"18010506","System","None","Device","Firmware Update Success"
"18010507","System","None","Device","Firmware Update Failed"
"18010508","System","None","Device","Finger Module Power ON"
"18010509","System","None","Device","Finger Module Power OFF"
"1801050A","System","None","Device","Event Index Changed"
"1801050B","System","None","Device","Event Period Received"
"1801050C","System","None","Device","Device Reset"
"20010102","Communication","Status","None","Disconnected"
"20020101","Communication","S/W Packet","None","S/W Frame Error"
"20020102","Communication","S/W Packet","None","S/W No Response"
"20020103","Communication","S/W Packet","None","S/W Not Enough Data"
"20020104","Communication","S/W Packet","None","S/W Data Size Error"
"20020105","Communication","S/W Packet","None","S/W STX Error"
"20020106","Communication","S/W Packet","None","S/W Length Error"
"20020107","Communication","S/W Packet","None","S/W CheckSum Error"
"20020108","Communication","S/W Packet","None","S/W ETX Error"
"20020109","Communication","S/W Packet","None","S/W DateTime Error"
"2002010A","Communication","S/W Packet","None","S/W Command Error"
"20030101","Communication","H/W Packet","None","H/W Frame Error"
"20030102","Communication","H/W Packet","None","H/W No Response"
"20030103","Communication","H/W Packet","None","H/W Not Enough Data"
"20030104","Communication","H/W Packet","None","H/W Data Size Error"
"20030105","Communication","H/W Packet","None","H/W STX Error"
"20030106","Communication","H/W Packet","None","H/W Length Error"
"20030107","Communication","H/W Packet","None","H/W Checksum Error"
"20030108","Communication","H/W Packet","None","H/W ETX Error"
"20030109","Communication","H/W Packet","None","H/W DateTime Error"
"2003010A","Communication","H/W Packet","None","H/W Command Error"
"2003010B","Communication","H/W Packet","None","H/W Network(Chip) Error"
